date,store,item,sales
2017-01-01,1,1,19
2017-01-02,1,1,15
2017-01-03,1,1,10
2017-01-04,1,1,16
2017-01-05,1,1,14
2017-01-06,1,1,24
2017-01-07,1,1,14
2017-01-08,1,1,20
2017-01-09,1,1,18
2017-01-10,1,1,11
2017-01-11,1,1,14
2017-01-12,1,1,17
2017-01-13,1,1,7
2017-01-14,1,1,16
2017-01-15,1,1,29
2017-01-16,1,1,15
2017-01-17,1,1,14
2017-01-18,1,1,10
2017-01-19,1,1,16
2017-01-20,1,1,22
2017-01-21,1,1,13
2017-01-22,1,1,21
2017-01-23,1,1,9
2017-01-24,1,1,18
2017-01-25,1,1,14
2017-01-26,1,1,13
2017-01-27,1,1,10
2017-01-28,1,1,16
2017-01-29,1,1,24
2017-01-30,1,1,9
2017-01-31,1,1,17
2017-01-01,1,2,40
2017-01-02,1,2,26
2017-01-03,1,2,33
2017-01-04,1,2,41
2017-01-05,1,2,39
2017-01-06,1,2,43
2017-01-07,1,2,46
2017-01-08,1,2,58
2017-01-09,1,2,31
2017-01-10,1,2,36
2017-01-11,1,2,42
2017-01-12,1,2,39
2017-01-13,1,2,34
2017-01-14,1,2,29
2017-01-15,1,2,47
2017-01-16,1,2,21
2017-01-17,1,2,37
2017-01-18,1,2,41
2017-01-19,1,2,51
2017-01-20,1,2,48
2017-01-21,1,2,42
2017-01-22,1,2,49
2017-01-23,1,2,25
2017-01-24,1,2,44
2017-01-25,1,2,38
2017-01-26,1,2,30
2017-01-27,1,2,32
2017-01-28,1,2,48
2017-01-29,1,2,47
2017-01-30,1,2,28
2017-01-31,1,2,37
2017-01-01,1,3,36
2017-01-02,1,3,23
2017-01-03,1,3,20
2017-01-04,1,3,23
2017-01-05,1,3,25
2017-01-06,1,3,23
2017-01-07,1,3,26
2017-01-08,1,3,32
2017-01-09,1,3,23
2017-01-10,1,3,17
2017-01-11,1,3,15
2017-01-12,1,3,37
2017-01-13,1,3,31
2017-01-14,1,3,30
2017-01-15,1,3,22
2017-01-16,1,3,19
2017-01-17,1,3,20
2017-01-18,1,3,34
2017-01-19,1,3,22
2017-01-20,1,3,26
2017-01-21,1,3,33
2017-01-22,1,3,33
2017-01-23,1,3,17
2017-01-24,1,3,19
2017-01-25,1,3,25
2017-01-26,1,3,17
2017-01-27,1,3,28
2017-01-28,1,3,30
2017-01-29,1,3,27
2017-01-30,1,3,27
2017-01-31,1,3,28
2017-01-01,1,4,21
2017-01-02,1,4,15
2017-01-03,1,4,12
2017-01-04,1,4,14
2017-01-05,1,4,10
2017-01-06,1,4,10
2017-01-07,1,4,21
2017-01-08,1,4,16
2017-01-09,1,4,5
2017-01-10,1,4,18
2017-01-11,1,4,16
2017-01-12,1,4,13
2017-01-13,1,4,16
2017-01-14,1,4,19
2017-01-15,1,4,18
2017-01-16,1,4,13
2017-01-17,1,4,19
2017-01-18,1,4,13
2017-01-19,1,4,10
2017-01-20,1,4,19
2017-01-21,1,4,17
2017-01-22,1,4,29
2017-01-23,1,4,18
2017-01-24,1,4,21
2017-01-25,1,4,15
2017-01-26,1,4,13
2017-01-27,1,4,13
2017-01-28,1,4,17
2017-01-29,1,4,20
2017-01-30,1,4,17
2017-01-31,1,4,10
2017-01-01,1,5,25
2017-01-02,1,5,14
2017-01-03,1,5,13
2017-01-04,1,5,15
2017-01-05,1,5,15
2017-01-06,1,5,18
2017-01-07,1,5,15
2017-01-08,1,5,12
2017-01-09,1,5,17
2017-01-10,1,5,11
2017-01-11,1,5,16
2017-01-12,1,5,8
2017-01-13,1,5,10
2017-01-14,1,5,15
2017-01-15,1,5,15
2017-01-16,1,5,7
2017-01-17,1,5,16
2017-01-18,1,5,14
2017-01-19,1,5,17
2017-01-20,1,5,16
2017-01-21,1,5,12
2017-01-22,1,5,9
2017-01-23,1,5,11
2017-01-24,1,5,14
2017-01-25,1,5,10
2017-01-26,1,5,14
2017-01-27,1,5,12
2017-01-28,1,5,10
2017-01-29,1,5,14
2017-01-30,1,5,4
2017-01-31,1,5,8
2017-01-01,1,6,52
2017-01-02,1,6,29
2017-01-03,1,6,31
2017-01-04,1,6,50
2017-01-05,1,6,40
2017-01-06,1,6,33
2017-01-07,1,6,43
2017-01-08,1,6,51
2017-01-09,1,6,40
2017-01-10,1,6,39
2017-01-11,1,6,42
2017-01-12,1,6,42
2017-01-13,1,6,49
2017-01-14,1,6,44
2017-01-15,1,6,60
2017-01-16,1,6,24
2017-01-17,1,6,46
2017-01-18,1,6,47
2017-01-19,1,6,38
2017-01-20,1,6,51
2017-01-21,1,6,41
2017-01-22,1,6,46
2017-01-23,1,6,38
2017-01-24,1,6,38
2017-01-25,1,6,32
2017-01-26,1,6,53
2017-01-27,1,6,42
2017-01-28,1,6,38
2017-01-29,1,6,40
2017-01-30,1,6,28
2017-01-31,1,6,36
2017-01-01,1,7,42
2017-01-02,1,7,36
2017-01-03,1,7,31
2017-01-04,1,7,42
2017-01-05,1,7,44
2017-01-06,1,7,35
2017-01-07,1,7,43
2017-01-08,1,7,43
2017-01-09,1,7,25
2017-01-10,1,7,32
2017-01-11,1,7,33
2017-01-12,1,7,26
2017-01-13,1,7,52
2017-01-14,1,7,48
2017-01-15,1,7,52
2017-01-16,1,7,26
2017-01-17,1,7,38
2017-01-18,1,7,37
2017-01-19,1,7,38
2017-01-20,1,7,29
2017-01-21,1,7,54
2017-01-22,1,7,43
2017-01-23,1,7,35
2017-01-24,1,7,47
2017-01-25,1,7,47
2017-01-26,1,7,40
2017-01-27,1,7,41
2017-01-28,1,7,42
2017-01-29,1,7,49
2017-01-30,1,7,38
2017-01-31,1,7,33
2017-01-01,1,8,65
2017-01-02,1,8,35
2017-01-03,1,8,45
2017-01-04,1,8,50
2017-01-05,1,8,41
2017-01-06,1,8,59
2017-01-07,1,8,84
2017-01-08,1,8,57
2017-01-09,1,8,42
2017-01-10,1,8,46
2017-01-11,1,8,48
2017-01-12,1,8,59
2017-01-13,1,8,54
2017-01-14,1,8,63
2017-01-15,1,8,67
2017-01-16,1,8,47
2017-01-17,1,8,40
2017-01-18,1,8,44
2017-01-19,1,8,53
2017-01-20,1,8,60
2017-01-21,1,8,58
2017-01-22,1,8,56
2017-01-23,1,8,45
2017-01-24,1,8,39
2017-01-25,1,8,58
2017-01-26,1,8,49
2017-01-27,1,8,60
2017-01-28,1,8,55
2017-01-29,1,8,52
2017-01-30,1,8,32
2017-01-31,1,8,53
2017-01-01,1,9,41
2017-01-02,1,9,25
2017-01-03,1,9,26
2017-01-04,1,9,40
2017-01-05,1,9,35
2017-01-06,1,9,31
2017-01-07,1,9,37
2017-01-08,1,9,31
2017-01-09,1,9,25
2017-01-10,1,9,26
2017-01-11,1,9,25
2017-01-12,1,9,38
2017-01-13,1,9,44
2017-01-14,1,9,43
2017-01-15,1,9,46
2017-01-16,1,9,25
2017-01-17,1,9,34
2017-01-18,1,9,34
2017-01-19,1,9,43
2017-01-20,1,9,36
2017-01-21,1,9,43
2017-01-22,1,9,48
2017-01-23,1,9,32
2017-01-24,1,9,41
2017-01-25,1,9,31
2017-01-26,1,9,35
2017-01-27,1,9,42
2017-01-28,1,9,55
2017-01-29,1,9,36
2017-01-30,1,9,32
2017-01-31,1,9,26
2017-01-01,1,10,53
2017-01-02,1,10,51
2017-01-03,1,10,53
2017-01-04,1,10,46
2017-01-05,1,10,46
2017-01-06,1,10,53
2017-01-07,1,10,61
2017-01-08,1,10,64
2017-01-09,1,10,36
2017-01-10,1,10,53
2017-01-11,1,10,44
2017-01-12,1,10,52
2017-01-13,1,10,69
2017-01-14,1,10,69
2017-01-15,1,10,82
2017-01-16,1,10,39
2017-01-17,1,10,38
2017-01-18,1,10,56
2017-01-19,1,10,63
2017-01-20,1,10,57
2017-01-21,1,10,61
2017-01-22,1,10,73
2017-01-23,1,10,33
2017-01-24,1,10,36
2017-01-25,1,10,50
2017-01-26,1,10,60
2017-01-27,1,10,51
2017-01-28,1,10,48
2017-01-29,1,10,57
2017-01-30,1,10,43
2017-01-31,1,10,47
2017-01-01,1,11,57
2017-01-02,1,11,47
2017-01-03,1,11,40
2017-01-04,1,11,46
2017-01-05,1,11,33
2017-01-06,1,11,50
2017-01-07,1,11,60
2017-01-08,1,11,46
2017-01-09,1,11,40
2017-01-10,1,11,53
2017-01-11,1,11,62
2017-01-12,1,11,37
2017-01-13,1,11,50
2017-01-14,1,11,65
2017-01-15,1,11,59
2017-01-16,1,11,33
2017-01-17,1,11,39
2017-01-18,1,11,40
2017-01-19,1,11,42
2017-01-20,1,11,54
2017-01-21,1,11,51
2017-01-22,1,11,69
2017-01-23,1,11,39
2017-01-24,1,11,51
2017-01-25,1,11,38
2017-01-26,1,11,39
2017-01-27,1,11,52
2017-01-28,1,11,55
2017-01-29,1,11,58
2017-01-30,1,11,37
2017-01-31,1,11,48
2017-01-01,1,12,54
2017-01-02,1,12,36
2017-01-03,1,12,52
2017-01-04,1,12,42
2017-01-05,1,12,49
2017-01-06,1,12,45
2017-01-07,1,12,66
2017-01-08,1,12,48
2017-01-09,1,12,25
2017-01-10,1,12,43
2017-01-11,1,12,45
2017-01-12,1,12,44
2017-01-13,1,12,48
2017-01-14,1,12,47
2017-01-15,1,12,63
2017-01-16,1,12,34
2017-01-17,1,12,44
2017-01-18,1,12,33
2017-01-19,1,12,52
2017-01-20,1,12,52
2017-01-21,1,12,49
2017-01-22,1,12,58
2017-01-23,1,12,48
2017-01-24,1,12,42
2017-01-25,1,12,48
2017-01-26,1,12,46
2017-01-27,1,12,60
2017-01-28,1,12,55
2017-01-29,1,12,51
2017-01-30,1,12,37
2017-01-31,1,12,47
2017-01-01,1,13,60
2017-01-02,1,13,45
2017-01-03,1,13,54
2017-01-04,1,13,52
2017-01-05,1,13,67
2017-01-06,1,13,66
2017-01-07,1,13,58
2017-01-08,1,13,61
2017-01-09,1,13,46
2017-01-10,1,13,57
2017-01-11,1,13,52
2017-01-12,1,13,51
2017-01-13,1,13,63
2017-01-14,1,13,62
2017-01-15,1,13,75
2017-01-16,1,13,52
2017-01-17,1,13,56
2017-01-18,1,13,53
2017-01-19,1,13,72
2017-01-20,1,13,55
2017-01-21,1,13,54
2017-01-22,1,13,73
2017-01-23,1,13,44
2017-01-24,1,13,53
2017-01-25,1,13,44
2017-01-26,1,13,52
2017-01-27,1,13,56
2017-01-28,1,13,68
2017-01-29,1,13,50
2017-01-30,1,13,52
2017-01-31,1,13,54
2017-01-01,1,14,48
2017-01-02,1,14,25
2017-01-03,1,14,32
2017-01-04,1,14,29
2017-01-05,1,14,36
2017-01-06,1,14,37
2017-01-07,1,14,51
2017-01-08,1,14,48
2017-01-09,1,14,27
2017-01-10,1,14,39
2017-01-11,1,14,33
2017-01-12,1,14,40
2017-01-13,1,14,40
2017-01-14,1,14,40
2017-01-15,1,14,52
2017-01-16,1,14,30
2017-01-17,1,14,38
2017-01-18,1,14,39
2017-01-19,1,14,34
2017-01-20,1,14,44
2017-01-21,1,14,27
2017-01-22,1,14,49
2017-01-23,1,14,30
2017-01-24,1,14,32
2017-01-25,1,14,31
2017-01-26,1,14,48
2017-01-27,1,14,45
2017-01-28,1,14,42
2017-01-29,1,14,44
2017-01-30,1,14,29
2017-01-31,1,14,36
2017-01-01,1,15,80
2017-01-02,1,15,45
2017-01-03,1,15,72
2017-01-04,1,15,59
2017-01-05,1,15,81
2017-01-06,1,15,82
2017-01-07,1,15,75
2017-01-08,1,15,75
2017-01-09,1,15,55
2017-01-10,1,15,59
2017-01-11,1,15,65
2017-01-12,1,15,64
2017-01-13,1,15,59
2017-01-14,1,15,73
2017-01-15,1,15,81
2017-01-16,1,15,52
2017-01-17,1,15,54
2017-01-18,1,15,45
2017-01-19,1,15,62
2017-01-20,1,15,76
2017-01-21,1,15,78
2017-01-22,1,15,64
2017-01-23,1,15,62
2017-01-24,1,15,62
2017-01-25,1,15,59
2017-01-26,1,15,63
2017-01-27,1,15,66
2017-01-28,1,15,59
2017-01-29,1,15,74
2017-01-30,1,15,55
2017-01-31,1,15,59
2017-01-01,1,16,28
2017-01-02,1,16,13
2017-01-03,1,16,12
2017-01-04,1,16,20
2017-01-05,1,16,14
2017-01-06,1,16,14
2017-01-07,1,16,21
2017-01-08,1,16,14
2017-01-09,1,16,15
2017-01-10,1,16,14
2017-01-11,1,16,20
2017-01-12,1,16,12
2017-01-13,1,16,17
2017-01-14,1,16,18
2017-01-15,1,16,21
2017-01-16,1,16,11
2017-01-17,1,16,19
2017-01-18,1,16,17
2017-01-19,1,16,18
2017-01-20,1,16,15
2017-01-21,1,16,26
2017-01-22,1,16,24
2017-01-23,1,16,12
2017-01-24,1,16,17
2017-01-25,1,16,21
2017-01-26,1,16,17
2017-01-27,1,16,15
2017-01-28,1,16,17
2017-01-29,1,16,24
2017-01-30,1,16,7
2017-01-31,1,16,14
2017-01-01,1,17,29
2017-01-02,1,17,26
2017-01-03,1,17,23
2017-01-04,1,17,21
2017-01-05,1,17,23
2017-01-06,1,17,32
2017-01-07,1,17,22
2017-01-08,1,17,27
2017-01-09,1,17,15
2017-01-10,1,17,24
2017-01-11,1,17,17
2017-01-12,1,17,13
2017-01-13,1,17,27
2017-01-14,1,17,23
2017-01-15,1,17,27
2017-01-16,1,17,15
2017-01-17,1,17,22
2017-01-18,1,17,23
2017-01-19,1,17,14
2017-01-20,1,17,25
2017-01-21,1,17,23
2017-01-22,1,17,21
2017-01-23,1,17,23
2017-01-24,1,17,13
2017-01-25,1,17,24
2017-01-26,1,17,15
2017-01-27,1,17,24
2017-01-28,1,17,23
2017-01-29,1,17,33
2017-01-30,1,17,11
2017-01-31,1,17,19
2017-01-01,1,18,77
2017-01-02,1,18,56
2017-01-03,1,18,54
2017-01-04,1,18,56
2017-01-05,1,18,61
2017-01-06,1,18,64
2017-01-07,1,18,59
2017-01-08,1,18,84
2017-01-09,1,18,44
2017-01-10,1,18,64
2017-01-11,1,18,45
2017-01-12,1,18,41
2017-01-13,1,18,58
2017-01-14,1,18,64
2017-01-15,1,18,65
2017-01-16,1,18,49
2017-01-17,1,18,56
2017-01-18,1,18,63
2017-01-19,1,18,57
2017-01-20,1,18,59
2017-01-21,1,18,53
2017-01-22,1,18,79
2017-01-23,1,18,51
2017-01-24,1,18,56
2017-01-25,1,18,52
2017-01-26,1,18,59
2017-01-27,1,18,68
2017-01-28,1,18,79
2017-01-29,1,18,60
2017-01-30,1,18,42
2017-01-31,1,18,50
2017-01-01,1,19,38
2017-01-02,1,19,23
2017-01-03,1,19,23
2017-01-04,1,19,23
2017-01-05,1,19,33
2017-01-06,1,19,25
2017-01-07,1,19,28
2017-01-08,1,19,32
2017-01-09,1,19,22
2017-01-10,1,19,30
2017-01-11,1,19,36
2017-01-12,1,19,16
2017-01-13,1,19,24
2017-01-14,1,19,26
2017-01-15,1,19,31
2017-01-16,1,19,20
2017-01-17,1,19,26
2017-01-18,1,19,28
2017-01-19,1,19,23
2017-01-20,1,19,45
2017-01-21,1,19,37
2017-01-22,1,19,28
2017-01-23,1,19,27
2017-01-24,1,19,23
2017-01-25,1,19,26
2017-01-26,1,19,30
2017-01-27,1,19,35
2017-01-28,1,19,26
2017-01-29,1,19,34
2017-01-30,1,19,19
2017-01-31,1,19,27
2017-01-01,1,20,34
2017-01-02,1,20,26
2017-01-03,1,20,22
2017-01-04,1,20,20
2017-01-05,1,20,44
2017-01-06,1,20,31
2017-01-07,1,20,41
2017-01-08,1,20,34
2017-01-09,1,20,29
2017-01-10,1,20,32
2017-01-11,1,20,25
2017-01-12,1,20,25
2017-01-13,1,20,35
2017-01-14,1,20,42
2017-01-15,1,20,46
2017-01-16,1,20,27
2017-01-17,1,20,30
2017-01-18,1,20,34
2017-01-19,1,20,33
2017-01-20,1,20,29
2017-01-21,1,20,41
2017-01-22,1,20,36
2017-01-23,1,20,26
2017-01-24,1,20,35
2017-01-25,1,20,36
2017-01-26,1,20,39
2017-01-27,1,20,30
2017-01-28,1,20,36
2017-01-29,1,20,42
2017-01-30,1,20,24
2017-01-31,1,20,41
2017-01-01,1,21,39
2017-01-02,1,21,16
2017-01-03,1,21,25
2017-01-04,1,21,19
2017-01-05,1,21,22
2017-01-06,1,21,26
2017-01-07,1,21,13
2017-01-08,1,21,31
2017-01-09,1,21,30
2017-01-10,1,21,26
2017-01-11,1,21,26
2017-01-12,1,21,20
2017-01-13,1,21,27
2017-01-14,1,21,33
2017-01-15,1,21,40
2017-01-16,1,21,27
2017-01-17,1,21,19
2017-01-18,1,21,29
2017-01-19,1,21,35
2017-01-20,1,21,34
2017-01-21,1,21,33
2017-01-22,1,21,28
2017-01-23,1,21,17
2017-01-24,1,21,29
2017-01-25,1,21,25
2017-01-26,1,21,25
2017-01-27,1,21,26
2017-01-28,1,21,34
2017-01-29,1,21,30
2017-01-30,1,21,18
2017-01-31,1,21,36
2017-01-01,1,22,54
2017-01-02,1,22,43
2017-01-03,1,22,37
2017-01-04,1,22,43
2017-01-05,1,22,70
2017-01-06,1,22,56
2017-01-07,1,22,60
2017-01-08,1,22,77
2017-01-09,1,22,37
2017-01-10,1,22,63
2017-01-11,1,22,64
2017-01-12,1,22,51
2017-01-13,1,22,46
2017-01-14,1,22,60
2017-01-15,1,22,58
2017-01-16,1,22,50
2017-01-17,1,22,54
2017-01-18,1,22,46
2017-01-19,1,22,55
2017-01-20,1,22,65
2017-01-21,1,22,57
2017-01-22,1,22,69
2017-01-23,1,22,48
2017-01-24,1,22,49
2017-01-25,1,22,54
2017-01-26,1,22,43
2017-01-27,1,22,70
2017-01-28,1,22,69
2017-01-29,1,22,73
2017-01-30,1,22,36
2017-01-31,1,22,57
2017-01-01,1,23,20
2017-01-02,1,23,18
2017-01-03,1,23,14
2017-01-04,1,23,22
2017-01-05,1,23,18
2017-01-06,1,23,31
2017-01-07,1,23,26
2017-01-08,1,23,25
2017-01-09,1,23,32
2017-01-10,1,23,18
2017-01-11,1,23,13
2017-01-12,1,23,23
2017-01-13,1,23,24
2017-01-14,1,23,22
2017-01-15,1,23,19
2017-01-16,1,23,23
2017-01-17,1,23,17
2017-01-18,1,23,21
2017-01-19,1,23,22
2017-01-20,1,23,23
2017-01-21,1,23,27
2017-01-22,1,23,24
2017-01-23,1,23,19
2017-01-24,1,23,16
2017-01-25,1,23,19
2017-01-26,1,23,21
2017-01-27,1,23,19
2017-01-28,1,23,22
2017-01-29,1,23,32
2017-01-30,1,23,19
2017-01-31,1,23,15
2017-01-01,1,24,55
2017-01-02,1,24,40
2017-01-03,1,24,39
2017-01-04,1,24,36
2017-01-05,1,24,44
2017-01-06,1,24,50
2017-01-07,1,24,57
2017-01-08,1,24,67
2017-01-09,1,24,38
2017-01-10,1,24,44
2017-01-11,1,24,47
2017-01-12,1,24,49
2017-01-13,1,24,38
2017-01-14,1,24,60
2017-01-15,1,24,49
2017-01-16,1,24,49
2017-01-17,1,24,49
2017-01-18,1,24,34
2017-01-19,1,24,43
2017-01-20,1,24,54
2017-01-21,1,24,55
2017-01-22,1,24,41
2017-01-23,1,24,30
2017-01-24,1,24,41
2017-01-25,1,24,48
2017-01-26,1,24,39
2017-01-27,1,24,40
2017-01-28,1,24,59
2017-01-29,1,24,59
2017-01-30,1,24,35
2017-01-31,1,24,50
2017-01-01,1,25,65
2017-01-02,1,25,35
2017-01-03,1,25,56
2017-01-04,1,25,52
2017-01-05,1,25,57
2017-01-06,1,25,60
2017-01-07,1,25,69
2017-01-08,1,25,75
2017-01-09,1,25,50
2017-01-10,1,25,52
2017-01-11,1,25,56
2017-01-12,1,25,58
2017-01-13,1,25,58
2017-01-14,1,25,72
2017-01-15,1,25,57
2017-01-16,1,25,47
2017-01-17,1,25,54
2017-01-18,1,25,58
2017-01-19,1,25,48
2017-01-20,1,25,65
2017-01-21,1,25,60
2017-01-22,1,25,64
2017-01-23,1,25,45
2017-01-24,1,25,51
2017-01-25,1,25,54
2017-01-26,1,25,49
2017-01-27,1,25,58
2017-01-28,1,25,69
2017-01-29,1,25,61
2017-01-30,1,25,48
2017-01-31,1,25,54
2017-01-01,1,26,37
2017-01-02,1,26,18
2017-01-03,1,26,36
2017-01-04,1,26,39
2017-01-05,1,26,31
2017-01-06,1,26,33
2017-01-07,1,26,27
2017-01-08,1,26,33
2017-01-09,1,26,20
2017-01-10,1,26,42
2017-01-11,1,26,24
2017-01-12,1,26,38
2017-01-13,1,26,30
2017-01-14,1,26,35
2017-01-15,1,26,32
2017-01-16,1,26,27
2017-01-17,1,26,32
2017-01-18,1,26,29
2017-01-19,1,26,21
2017-01-20,1,26,37
2017-01-21,1,26,32
2017-01-22,1,26,36
2017-01-23,1,26,21
2017-01-24,1,26,32
2017-01-25,1,26,27
2017-01-26,1,26,18
2017-01-27,1,26,28
2017-01-28,1,26,40
2017-01-29,1,26,33
2017-01-30,1,26,37
2017-01-31,1,26,24
2017-01-01,1,27,24
2017-01-02,1,27,11
2017-01-03,1,27,9
2017-01-04,1,27,11
2017-01-05,1,27,18
2017-01-06,1,27,21
2017-01-07,1,27,8
2017-01-08,1,27,15
2017-01-09,1,27,10
2017-01-10,1,27,12
2017-01-11,1,27,11
2017-01-12,1,27,11
2017-01-13,1,27,15
2017-01-14,1,27,12
2017-01-15,1,27,10
2017-01-16,1,27,8
2017-01-17,1,27,15
2017-01-18,1,27,8
2017-01-19,1,27,16
2017-01-20,1,27,26
2017-01-21,1,27,26
2017-01-22,1,27,16
2017-01-23,1,27,16
2017-01-24,1,27,11
2017-01-25,1,27,19
2017-01-26,1,27,15
2017-01-27,1,27,11
2017-01-28,1,27,30
2017-01-29,1,27,22
2017-01-30,1,27,13
2017-01-31,1,27,18
2017-01-01,1,28,77
2017-01-02,1,28,45
2017-01-03,1,28,48
2017-01-04,1,28,55
2017-01-05,1,28,58
2017-01-06,1,28,48
2017-01-07,1,28,70
2017-01-08,1,28,78
2017-01-09,1,28,54
2017-01-10,1,28,67
2017-01-11,1,28,42
2017-01-12,1,28,52
2017-01-13,1,28,69
2017-01-14,1,28,62
2017-01-15,1,28,70
2017-01-16,1,28,51
2017-01-17,1,28,58
2017-01-18,1,28,42
2017-01-19,1,28,62
2017-01-20,1,28,71
2017-01-21,1,28,65
2017-01-22,1,28,51
2017-01-23,1,28,46
2017-01-24,1,28,47
2017-01-25,1,28,56
2017-01-26,1,28,48
2017-01-27,1,28,61
2017-01-28,1,28,65
2017-01-29,1,28,63
2017-01-30,1,28,50
2017-01-31,1,28,74
2017-01-01,1,29,45
2017-01-02,1,29,43
2017-01-03,1,29,58
2017-01-04,1,29,64
2017-01-05,1,29,51
2017-01-06,1,29,63
2017-01-07,1,29,56
2017-01-08,1,29,58
2017-01-09,1,29,47
2017-01-10,1,29,49
2017-01-11,1,29,41
2017-01-12,1,29,67
2017-01-13,1,29,56
2017-01-14,1,29,47
2017-01-15,1,29,59
2017-01-16,1,29,38
2017-01-17,1,29,44
2017-01-18,1,29,51
2017-01-19,1,29,42
2017-01-20,1,29,45
2017-01-21,1,29,50
2017-01-22,1,29,64
2017-01-23,1,29,29
2017-01-24,1,29,33
2017-01-25,1,29,43
2017-01-26,1,29,62
2017-01-27,1,29,56
2017-01-28,1,29,56
2017-01-29,1,29,53
2017-01-30,1,29,38
2017-01-31,1,29,52
2017-01-01,1,30,27
2017-01-02,1,30,19
2017-01-03,1,30,23
2017-01-04,1,30,25
2017-01-05,1,30,32
2017-01-06,1,30,26
2017-01-07,1,30,25
2017-01-08,1,30,36
2017-01-09,1,30,24
2017-01-10,1,30,26
2017-01-11,1,30,21
2017-01-12,1,30,23
2017-01-13,1,30,26
2017-01-14,1,30,29
2017-01-15,1,30,44
2017-01-16,1,30,24
2017-01-17,1,30,21
2017-01-18,1,30,28
2017-01-19,1,30,19
2017-01-20,1,30,28
2017-01-21,1,30,33
2017-01-22,1,30,33
2017-01-23,1,30,29
2017-01-24,1,30,22
2017-01-25,1,30,27
2017-01-26,1,30,33
2017-01-27,1,30,26
2017-01-28,1,30,32
2017-01-29,1,30,40
2017-01-30,1,30,20
2017-01-31,1,30,22
2017-01-01,1,31,62
2017-01-02,1,31,37
2017-01-03,1,31,31
2017-01-04,1,31,39
2017-01-05,1,31,42
2017-01-06,1,31,45
2017-01-07,1,31,51
2017-01-08,1,31,55
2017-01-09,1,31,33
2017-01-10,1,31,40
2017-01-11,1,31,26
2017-01-12,1,31,43
2017-01-13,1,31,35
2017-01-14,1,31,38
2017-01-15,1,31,52
2017-01-16,1,31,38
2017-01-17,1,31,38
2017-01-18,1,31,39
2017-01-19,1,31,31
2017-01-20,1,31,37
2017-01-21,1,31,45
2017-01-22,1,31,35
2017-01-23,1,31,38
2017-01-24,1,31,36
2017-01-25,1,31,34
2017-01-26,1,31,28
2017-01-27,1,31,42
2017-01-28,1,31,39
2017-01-29,1,31,41
2017-01-30,1,31,26
2017-01-31,1,31,40
2017-01-01,1,32,32
2017-01-02,1,32,24
2017-01-03,1,32,25
2017-01-04,1,32,21
2017-01-05,1,32,36
2017-01-06,1,32,29
2017-01-07,1,32,31
2017-01-08,1,32,40
2017-01-09,1,32,24
2017-01-10,1,32,24
2017-01-11,1,32,23
2017-01-12,1,32,30
2017-01-13,1,32,29
2017-01-14,1,32,29
2017-01-15,1,32,47
2017-01-16,1,32,26
2017-01-17,1,32,39
2017-01-18,1,32,19
2017-01-19,1,32,41
2017-01-20,1,32,31
2017-01-21,1,32,36
2017-01-22,1,32,34
2017-01-23,1,32,25
2017-01-24,1,32,27
2017-01-25,1,32,24
2017-01-26,1,32,24
2017-01-27,1,32,37
2017-01-28,1,32,40
2017-01-29,1,32,37
2017-01-30,1,32,20
2017-01-31,1,32,30
2017-01-01,1,33,72
2017-01-02,1,33,48
2017-01-03,1,33,45
2017-01-04,1,33,44
2017-01-05,1,33,58
2017-01-06,1,33,53
2017-01-07,1,33,49
2017-01-08,1,33,72
2017-01-09,1,33,43
2017-01-10,1,33,60
2017-01-11,1,33,55
2017-01-12,1,33,52
2017-01-13,1,33,51
2017-01-14,1,33,54
2017-01-15,1,33,52
2017-01-16,1,33,31
2017-01-17,1,33,37
2017-01-18,1,33,43
2017-01-19,1,33,44
2017-01-20,1,33,62
2017-01-21,1,33,57
2017-01-22,1,33,71
2017-01-23,1,33,41
2017-01-24,1,33,46
2017-01-25,1,33,40
2017-01-26,1,33,44
2017-01-27,1,33,50
2017-01-28,1,33,50
2017-01-29,1,33,47
2017-01-30,1,33,29
2017-01-31,1,33,51
2017-01-01,1,34,22
2017-01-02,1,34,10
2017-01-03,1,34,16
2017-01-04,1,34,18
2017-01-05,1,34,19
2017-01-06,1,34,26
2017-01-07,1,34,17
2017-01-08,1,34,19
2017-01-09,1,34,14
2017-01-10,1,34,21
2017-01-11,1,34,19
2017-01-12,1,34,23
2017-01-13,1,34,16
2017-01-14,1,34,21
2017-01-15,1,34,21
2017-01-16,1,34,11
2017-01-17,1,34,22
2017-01-18,1,34,16
2017-01-19,1,34,16
2017-01-20,1,34,29
2017-01-21,1,34,28
2017-01-22,1,34,19
2017-01-23,1,34,19
2017-01-24,1,34,15
2017-01-25,1,34,17
2017-01-26,1,34,13
2017-01-27,1,34,11
2017-01-28,1,34,21
2017-01-29,1,34,16
2017-01-30,1,34,13
2017-01-31,1,34,20
2017-01-01,1,35,45
2017-01-02,1,35,33
2017-01-03,1,35,45
2017-01-04,1,35,43
2017-01-05,1,35,54
2017-01-06,1,35,36
2017-01-07,1,35,45
2017-01-08,1,35,62
2017-01-09,1,35,39
2017-01-10,1,35,42
2017-01-11,1,35,42
2017-01-12,1,35,52
2017-01-13,1,35,54
2017-01-14,1,35,61
2017-01-15,1,35,45
2017-01-16,1,35,47
2017-01-17,1,35,38
2017-01-18,1,35,51
2017-01-19,1,35,52
2017-01-20,1,35,41
2017-01-21,1,35,59
2017-01-22,1,35,44
2017-01-23,1,35,37
2017-01-24,1,35,51
2017-01-25,1,35,45
2017-01-26,1,35,46
2017-01-27,1,35,44
2017-01-28,1,35,37
2017-01-29,1,35,59
2017-01-30,1,35,32
2017-01-31,1,35,39
2017-01-01,1,36,69
2017-01-02,1,36,38
2017-01-03,1,36,45
2017-01-04,1,36,52
2017-01-05,1,36,45
2017-01-06,1,36,48
2017-01-07,1,36,69
2017-01-08,1,36,57
2017-01-09,1,36,44
2017-01-10,1,36,58
2017-01-11,1,36,49
2017-01-12,1,36,58
2017-01-13,1,36,54
2017-01-14,1,36,64
2017-01-15,1,36,59
2017-01-16,1,36,39
2017-01-17,1,36,50
2017-01-18,1,36,36
2017-01-19,1,36,48
2017-01-20,1,36,59
2017-01-21,1,36,70
2017-01-22,1,36,65
2017-01-23,1,36,34
2017-01-24,1,36,48
2017-01-25,1,36,47
2017-01-26,1,36,44
2017-01-27,1,36,62
2017-01-28,1,36,61
2017-01-29,1,36,63
2017-01-30,1,36,40
2017-01-31,1,36,44
2017-01-01,1,37,18
2017-01-02,1,37,11
2017-01-03,1,37,17
2017-01-04,1,37,18
2017-01-05,1,37,13
2017-01-06,1,37,24
2017-01-07,1,37,24
2017-01-08,1,37,32
2017-01-09,1,37,14
2017-01-10,1,37,23
2017-01-11,1,37,23
2017-01-12,1,37,20
2017-01-13,1,37,27
2017-01-14,1,37,17
2017-01-15,1,37,30
2017-01-16,1,37,11
2017-01-17,1,37,26
2017-01-18,1,37,21
2017-01-19,1,37,24
2017-01-20,1,37,18
2017-01-21,1,37,16
2017-01-22,1,37,25
2017-01-23,1,37,14
2017-01-24,1,37,14
2017-01-25,1,37,14
2017-01-26,1,37,20
2017-01-27,1,37,16
2017-01-28,1,37,16
2017-01-29,1,37,22
2017-01-30,1,37,20
2017-01-31,1,37,15
2017-01-01,1,38,71
2017-01-02,1,38,50
2017-01-03,1,38,51
2017-01-04,1,38,52
2017-01-05,1,38,49
2017-01-06,1,38,52
2017-01-07,1,38,64
2017-01-08,1,38,54
2017-01-09,1,38,54
2017-01-10,1,38,64
2017-01-11,1,38,65
2017-01-12,1,38,62
2017-01-13,1,38,71
2017-01-14,1,38,75
2017-01-15,1,38,67
2017-01-16,1,38,35
2017-01-17,1,38,69
2017-01-18,1,38,55
2017-01-19,1,38,48
2017-01-20,1,38,58
2017-01-21,1,38,50
2017-01-22,1,38,66
2017-01-23,1,38,49
2017-01-24,1,38,59
2017-01-25,1,38,54
2017-01-26,1,38,57
2017-01-27,1,38,55
2017-01-28,1,38,63
2017-01-29,1,38,78
2017-01-30,1,38,48
2017-01-31,1,38,49
2017-01-01,1,39,36
2017-01-02,1,39,27
2017-01-03,1,39,20
2017-01-04,1,39,33
2017-01-05,1,39,30
2017-01-06,1,39,28
2017-01-07,1,39,34
2017-01-08,1,39,43
2017-01-09,1,39,23
2017-01-10,1,39,35
2017-01-11,1,39,27
2017-01-12,1,39,32
2017-01-13,1,39,31
2017-01-14,1,39,36
2017-01-15,1,39,33
2017-01-16,1,39,17
2017-01-17,1,39,25
2017-01-18,1,39,33
2017-01-19,1,39,31
2017-01-20,1,39,37
2017-01-21,1,39,26
2017-01-22,1,39,44
2017-01-23,1,39,23
2017-01-24,1,39,29
2017-01-25,1,39,23
2017-01-26,1,39,36
2017-01-27,1,39,22
2017-01-28,1,39,49
2017-01-29,1,39,44
2017-01-30,1,39,31
2017-01-31,1,39,25
2017-01-01,1,40,23
2017-01-02,1,40,15
2017-01-03,1,40,29
2017-01-04,1,40,22
2017-01-05,1,40,17
2017-01-06,1,40,18
2017-01-07,1,40,19
2017-01-08,1,40,29
2017-01-09,1,40,15
2017-01-10,1,40,20
2017-01-11,1,40,12
2017-01-12,1,40,25
2017-01-13,1,40,35
2017-01-14,1,40,19
2017-01-15,1,40,23
2017-01-16,1,40,22
2017-01-17,1,40,16
2017-01-18,1,40,22
2017-01-19,1,40,18
2017-01-20,1,40,20
2017-01-21,1,40,17
2017-01-22,1,40,27
2017-01-23,1,40,14
2017-01-24,1,40,17
2017-01-25,1,40,17
2017-01-26,1,40,22
2017-01-27,1,40,17
2017-01-28,1,40,23
2017-01-29,1,40,29
2017-01-30,1,40,13
2017-01-31,1,40,16
2017-01-01,1,41,30
2017-01-02,1,41,19
2017-01-03,1,41,11
2017-01-04,1,41,18
2017-01-05,1,41,15
2017-01-06,1,41,19
2017-01-07,1,41,17
2017-01-08,1,41,19
2017-01-09,1,41,7
2017-01-10,1,41,14
2017-01-11,1,41,15
2017-01-12,1,41,12
2017-01-13,1,41,16
2017-01-14,1,41,22
2017-01-15,1,41,21
2017-01-16,1,41,7
2017-01-17,1,41,14
2017-01-18,1,41,14
2017-01-19,1,41,13
2017-01-20,1,41,16
2017-01-21,1,41,17
2017-01-22,1,41,23
2017-01-23,1,41,16
2017-01-24,1,41,18
2017-01-25,1,41,10
2017-01-26,1,41,20
2017-01-27,1,41,13
2017-01-28,1,41,20
2017-01-29,1,41,26
2017-01-30,1,41,8
2017-01-31,1,41,17
2017-01-01,1,42,29
2017-01-02,1,42,17
2017-01-03,1,42,24
2017-01-04,1,42,21
2017-01-05,1,42,34
2017-01-06,1,42,27
2017-01-07,1,42,27
2017-01-08,1,42,34
2017-01-09,1,42,15
2017-01-10,1,42,22
2017-01-11,1,42,13
2017-01-12,1,42,24
2017-01-13,1,42,29
2017-01-14,1,42,20
2017-01-15,1,42,35
2017-01-16,1,42,12
2017-01-17,1,42,29
2017-01-18,1,42,29
2017-01-19,1,42,20
2017-01-20,1,42,19
2017-01-21,1,42,30
2017-01-22,1,42,31
2017-01-23,1,42,23
2017-01-24,1,42,19
2017-01-25,1,42,26
2017-01-26,1,42,21
2017-01-27,1,42,28
2017-01-28,1,42,37
2017-01-29,1,42,23
2017-01-30,1,42,26
2017-01-31,1,42,24
2017-01-01,1,43,42
2017-01-02,1,43,30
2017-01-03,1,43,28
2017-01-04,1,43,35
2017-01-05,1,43,45
2017-01-06,1,43,40
2017-01-07,1,43,43
2017-01-08,1,43,40
2017-01-09,1,43,22
2017-01-10,1,43,37
2017-01-11,1,43,31
2017-01-12,1,43,42
2017-01-13,1,43,31
2017-01-14,1,43,45
2017-01-15,1,43,43
2017-01-16,1,43,32
2017-01-17,1,43,25
2017-01-18,1,43,30
2017-01-19,1,43,40
2017-01-20,1,43,34
2017-01-21,1,43,30
2017-01-22,1,43,28
2017-01-23,1,43,37
2017-01-24,1,43,27
2017-01-25,1,43,30
2017-01-26,1,43,26
2017-01-27,1,43,40
2017-01-28,1,43,40
2017-01-29,1,43,50
2017-01-30,1,43,32
2017-01-31,1,43,34
2017-01-01,1,44,32
2017-01-02,1,44,16
2017-01-03,1,44,26
2017-01-04,1,44,13
2017-01-05,1,44,25
2017-01-06,1,44,20
2017-01-07,1,44,31
2017-01-08,1,44,18
2017-01-09,1,44,15
2017-01-10,1,44,14
2017-01-11,1,44,29
2017-01-12,1,44,23
2017-01-13,1,44,21
2017-01-14,1,44,23
2017-01-15,1,44,22
2017-01-16,1,44,22
2017-01-17,1,44,17
2017-01-18,1,44,23
2017-01-19,1,44,17
2017-01-20,1,44,21
2017-01-21,1,44,26
2017-01-22,1,44,25
2017-01-23,1,44,13
2017-01-24,1,44,24
2017-01-25,1,44,23
2017-01-26,1,44,25
2017-01-27,1,44,27
2017-01-28,1,44,21
2017-01-29,1,44,20
2017-01-30,1,44,12
2017-01-31,1,44,23
2017-01-01,1,45,57
2017-01-02,1,45,39
2017-01-03,1,45,47
2017-01-04,1,45,62
2017-01-05,1,45,61
2017-01-06,1,45,51
2017-01-07,1,45,66
2017-01-08,1,45,70
2017-01-09,1,45,37
2017-01-10,1,45,43
2017-01-11,1,45,62
2017-01-12,1,45,56
2017-01-13,1,45,52
2017-01-14,1,45,74
2017-01-15,1,45,66
2017-01-16,1,45,49
2017-01-17,1,45,51
2017-01-18,1,45,48
2017-01-19,1,45,52
2017-01-20,1,45,56
2017-01-21,1,45,66
2017-01-22,1,45,79
2017-01-23,1,45,55
2017-01-24,1,45,58
2017-01-25,1,45,37
2017-01-26,1,45,53
2017-01-27,1,45,58
2017-01-28,1,45,62
2017-01-29,1,45,64
2017-01-30,1,45,38
2017-01-31,1,45,56
2017-01-01,1,46,38
2017-01-02,1,46,32
2017-01-03,1,46,39
2017-01-04,1,46,38
2017-01-05,1,46,38
2017-01-06,1,46,46
2017-01-07,1,46,52
2017-01-08,1,46,50
2017-01-09,1,46,35
2017-01-10,1,46,39
2017-01-11,1,46,48
2017-01-12,1,46,39
2017-01-13,1,46,45
2017-01-14,1,46,55
2017-01-15,1,46,55
2017-01-16,1,46,38
2017-01-17,1,46,49
2017-01-18,1,46,36
2017-01-19,1,46,41
2017-01-20,1,46,41
2017-01-21,1,46,51
2017-01-22,1,46,38
2017-01-23,1,46,29
2017-01-24,1,46,34
2017-01-25,1,46,36
2017-01-26,1,46,28
2017-01-27,1,46,45
2017-01-28,1,46,43
2017-01-29,1,46,44
2017-01-30,1,46,32
2017-01-31,1,46,43
2017-01-01,1,47,17
2017-01-02,1,47,8
2017-01-03,1,47,26
2017-01-04,1,47,18
2017-01-05,1,47,15
2017-01-06,1,47,12
2017-01-07,1,47,15
2017-01-08,1,47,18
2017-01-09,1,47,14
2017-01-10,1,47,13
2017-01-11,1,47,7
2017-01-12,1,47,16
2017-01-13,1,47,12
2017-01-14,1,47,14
2017-01-15,1,47,13
2017-01-16,1,47,9
2017-01-17,1,47,14
2017-01-18,1,47,15
2017-01-19,1,47,15
2017-01-20,1,47,11
2017-01-21,1,47,9
2017-01-22,1,47,20
2017-01-23,1,47,8
2017-01-24,1,47,20
2017-01-25,1,47,21
2017-01-26,1,47,23
2017-01-27,1,47,16
2017-01-28,1,47,21
2017-01-29,1,47,19
2017-01-30,1,47,11
2017-01-31,1,47,13
2017-01-01,1,48,45
2017-01-02,1,48,29
2017-01-03,1,48,43
2017-01-04,1,48,34
2017-01-05,1,48,39
2017-01-06,1,48,39
2017-01-07,1,48,38
2017-01-08,1,48,46
2017-01-09,1,48,27
2017-01-10,1,48,33
2017-01-11,1,48,27
2017-01-12,1,48,27
2017-01-13,1,48,39
2017-01-14,1,48,32
2017-01-15,1,48,43
2017-01-16,1,48,26
2017-01-17,1,48,35
2017-01-18,1,48,34
2017-01-19,1,48,35
2017-01-20,1,48,39
2017-01-21,1,48,42
2017-01-22,1,48,51
2017-01-23,1,48,26
2017-01-24,1,48,31
2017-01-25,1,48,49
2017-01-26,1,48,32
2017-01-27,1,48,35
2017-01-28,1,48,34
2017-01-29,1,48,44
2017-01-30,1,48,31
2017-01-31,1,48,34
2017-01-01,1,49,24
2017-01-02,1,49,23
2017-01-03,1,49,27
2017-01-04,1,49,17
2017-01-05,1,49,18
2017-01-06,1,49,33
2017-01-07,1,49,23
2017-01-08,1,49,33
2017-01-09,1,49,12
2017-01-10,1,49,21
2017-01-11,1,49,30
2017-01-12,1,49,24
2017-01-13,1,49,18
2017-01-14,1,49,25
2017-01-15,1,49,25
2017-01-16,1,49,15
2017-01-17,1,49,11
2017-01-18,1,49,24
2017-01-19,1,49,20
2017-01-20,1,49,16
2017-01-21,1,49,19
2017-01-22,1,49,25
2017-01-23,1,49,19
2017-01-24,1,49,22
2017-01-25,1,49,27
2017-01-26,1,49,21
2017-01-27,1,49,14
2017-01-28,1,49,24
2017-01-29,1,49,28
2017-01-30,1,49,16
2017-01-31,1,49,18
2017-01-01,1,50,49
2017-01-02,1,50,36
2017-01-03,1,50,37
2017-01-04,1,50,44
2017-01-05,1,50,54
2017-01-06,1,50,55
2017-01-07,1,50,46
2017-01-08,1,50,48
2017-01-09,1,50,35
2017-01-10,1,50,49
2017-01-11,1,50,39
2017-01-12,1,50,42
2017-01-13,1,50,55
2017-01-14,1,50,60
2017-01-15,1,50,55
2017-01-16,1,50,32
2017-01-17,1,50,41
2017-01-18,1,50,31
2017-01-19,1,50,46
2017-01-20,1,50,50
2017-01-21,1,50,48
2017-01-22,1,50,46
2017-01-23,1,50,30
2017-01-24,1,50,34
2017-01-25,1,50,42
2017-01-26,1,50,56
2017-01-27,1,50,50
2017-01-28,1,50,49
2017-01-29,1,50,49
2017-01-30,1,50,43
2017-01-31,1,50,54
